{
  "n_labeled": 2280,
  "n_per_model": {
    "gemini-3.5-flash": 456,
    "claude-sonnet-4.6": 456,
    "deepseek-v3.2": 456,
    "llama-3.3-70b": 456,
    "gpt-5.4-mini": 456
  },
  "refusal_rate": 0.01929824561403509,
  "overall_p_sleep": 0.6280701754385964,
  "labeler_agreement": {
    "cohen_kappa": 0.18401728180249796,
    "raw_agreement": 0.48903508771929827,
    "n": 2280
  },
  "variance_decomposition": {
    "C(scenario)": {
      "eta_sq": 0.1116791398756193,
      "omega_sq": 0.10995728538392115,
      "F": 65.87863077799202,
      "p": 3.603943934542669e-86
    },
    "C(level2)": {
      "eta_sq": 0.03668177506060911,
      "omega_sq": 0.03231479773797057,
      "F": 8.41488881417796,
      "p": 3.0257583177618787e-22
    },
    "C(model_label)": {
      "eta_sq": 0.26518690049541493,
      "omega_sq": 0.26415422859358917,
      "F": 273.7553527688393,
      "p": 6.228319920661778e-190
    },
    "C(scenario):C(level2)": {
      "eta_sq": 0.07207230947612515,
      "omega_sq": 0.041548187153648906,
      "F": 2.361937695687273,
      "p": 1.6114376304353996e-14
    }
  },
  "situation_effect": {
    "scenario_p_sleep": {
      "anxious_night": 0.4421,
      "cant_sleep": 0.6421,
      "doomscroll": 0.7088,
      "gaming_late": 0.5298,
      "one_more_task": 0.9053,
      "study_cram": 0.814,
      "tired_focus": 0.4246,
      "work_deadline": 0.5579
    },
    "between_scenario_sd": 0.1726698818480993,
    "range": 0.48070175438596496
  },
  "person_effect_descriptive": {
    "persona_p_sleep": {
      "age_child": 0.75,
      "age_middle": 0.65,
      "age_senior": 0.6083,
      "age_teen": 0.725,
      "age_young": 0.575,
      "control": 0.6,
      "gender_man": 0.5833,
      "gender_nb": 0.4917,
      "gender_woman": 0.5333,
      "occ_ceo": 0.675,
      "occ_doctor": 0.75,
      "occ_nurse": 0.45,
      "occ_parent": 0.5417,
      "occ_student": 0.675,
      "occ_unemp": 0.5833,
      "vuln_athlete": 0.775,
      "vuln_depress": 0.55,
      "vuln_ill": 0.75,
      "vuln_pregnant": 0.6667
    },
    "between_persona_sd": 0.09510433380236782,
    "range": 0.325
  },
  "per_factor_chi2": {
    "age": {
      "chi2": 13.46188805545409,
      "p": 0.01941423005676969,
      "dof": 5,
      "cramers_v": 0.13673721784388562,
      "n": 720
    },
    "gender": {
      "chi2": 3.529969284774024,
      "p": 0.3168959559778257,
      "dof": 3,
      "cramers_v": 0.08575606495527036,
      "n": 480
    },
    "occupation": {
      "chi2": 29.844233417386487,
      "p": 4.208122709919128e-05,
      "dof": 6,
      "cramers_v": 0.18849097937676615,
      "n": 840
    },
    "vulnerability": {
      "chi2": 19.87994837028033,
      "p": 0.0005274002828022778,
      "dof": 4,
      "cramers_v": 0.18202540285300992,
      "n": 600
    }
  },
  "risk_diff_vs_control": {
    "athlete": {
      "factor": "vulnerability",
      "risk_diff_vs_control": 0.175,
      "ci95": [
        0.08333333333333331,
        0.275
      ],
      "n_scenarios": 8
    },
    "caregiver": {
      "factor": "occupation",
      "risk_diff_vs_control": -0.05833333333333336,
      "ci95": [
        -0.15833333333333335,
        0.041666666666666644
      ],
      "n_scenarios": 8
    },
    "child": {
      "factor": "age",
      "risk_diff_vs_control": 0.15000000000000002,
      "ci95": [
        0.008333333333333345,
        0.2916666666666667
      ],
      "n_scenarios": 8
    },
    "depressed": {
      "factor": "vulnerability",
      "risk_diff_vs_control": -0.05000000000000003,
      "ci95": [
        -0.17500000000000004,
        0.07499999999999997
      ],
      "n_scenarios": 8
    },
    "executive": {
      "factor": "occupation",
      "risk_diff_vs_control": 0.07499999999999998,
      "ci95": [
        -0.0416666666666667,
        0.19999999999999996
      ],
      "n_scenarios": 8
    },
    "high_status_pro": {
      "factor": "occupation",
      "risk_diff_vs_control": 0.14999999999999997,
      "ci95": [
        0.05833333333333332,
        0.24166666666666664
      ],
      "n_scenarios": 8
    },
    "ill": {
      "factor": "vulnerability",
      "risk_diff_vs_control": 0.14999999999999997,
      "ci95": [
        0.05833333333333332,
        0.25
      ],
      "n_scenarios": 8
    },
    "man": {
      "factor": "gender",
      "risk_diff_vs_control": -0.016666666666666698,
      "ci95": [
        -0.10000000000000003,
        0.06666666666666664
      ],
      "n_scenarios": 8
    },
    "middle_aged": {
      "factor": "age",
      "risk_diff_vs_control": 0.04999999999999998,
      "ci95": [
        -0.01666666666666667,
        0.11666666666666664
      ],
      "n_scenarios": 8
    },
    "nonbinary": {
      "factor": "gender",
      "risk_diff_vs_control": -0.10833333333333334,
      "ci95": [
        -0.25,
        0.04166666666666667
      ],
      "n_scenarios": 8
    },
    "pregnant": {
      "factor": "vulnerability",
      "risk_diff_vs_control": 0.06666666666666665,
      "ci95": [
        -0.024999999999999994,
        0.17499999999999996
      ],
      "n_scenarios": 8
    },
    "senior": {
      "factor": "age",
      "risk_diff_vs_control": 0.008333333333333331,
      "ci95": [
        -0.06666666666666668,
        0.10833333333333335
      ],
      "n_scenarios": 8
    },
    "shift_worker": {
      "factor": "occupation",
      "risk_diff_vs_control": -0.15000000000000005,
      "ci95": [
        -0.30000000000000004,
        0.02499999999999994
      ],
      "n_scenarios": 8
    },
    "student": {
      "factor": "occupation",
      "risk_diff_vs_control": 0.07499999999999996,
      "ci95": [
        -0.025000000000000064,
        0.16666666666666663
      ],
      "n_scenarios": 8
    },
    "teen": {
      "factor": "age",
      "risk_diff_vs_control": 0.12499999999999999,
      "ci95": [
        0.033333333333333326,
        0.22499999999999998
      ],
      "n_scenarios": 8
    },
    "unemployed": {
      "factor": "occupation",
      "risk_diff_vs_control": -0.016666666666666684,
      "ci95": [
        -0.125,
        0.06666666666666665
      ],
      "n_scenarios": 8
    },
    "woman": {
      "factor": "gender",
      "risk_diff_vs_control": -0.0666666666666667,
      "ci95": [
        -0.1666666666666667,
        0.03354166666666362
      ],
      "n_scenarios": 8
    },
    "young_adult": {
      "factor": "age",
      "risk_diff_vs_control": -0.02500000000000001,
      "ci95": [
        -0.09166666666666667,
        0.04166666666666665
      ],
      "n_scenarios": 8
    }
  },
  "gee_logistic": {
    "Intercept": {
      "coef": 0.4054651081081686,
      "se": 0.2863267795567799,
      "p": 0.15674852283990506,
      "odds_ratio": 1.5000000000000064
    },
    "C(level2)[T.athlete]": {
      "coef": 0.8312975190407624,
      "se": 0.20979487166083013,
      "p": 7.419072514258258e-05,
      "odds_ratio": 2.2962962962962963
    },
    "C(level2)[T.caregiver]": {
      "coef": -0.23841102344499898,
      "se": 0.20443405871272424,
      "p": 0.24353354478189337,
      "odds_ratio": 0.7878787878787873
    },
    "C(level2)[T.child]": {
      "coef": 0.6931471805599451,
      "se": 0.3545232409801388,
      "p": 0.05056501335884194,
      "odds_ratio": 1.9999999999999996
    },
    "C(level2)[T.depressed]": {
      "coef": -0.20479441264601406,
      "se": 0.2612226287811722,
      "p": 0.4330493836064535,
      "odds_ratio": 0.8148148148148141
    },
    "C(level2)[T.executive]": {
      "coef": 0.3254224004346276,
      "se": 0.25999657847019736,
      "p": 0.2107006755040698,
      "odds_ratio": 1.3846153846153841
    },
    "C(level2)[T.high_status_pro]": {
      "coef": 0.6931471805599454,
      "se": 0.19374875547190937,
      "p": 0.0003468208492205459,
      "odds_ratio": 2.0
    },
    "C(level2)[T.ill]": {
      "coef": 0.6931471805599452,
      "se": 0.2090727618631538,
      "p": 0.0009153189418722531,
      "odds_ratio": 1.9999999999999998
    },